filename,method,niqe
0001_0.8_0.2.png,original,20.105252
0001_0.8_0.2.png,dcp,19.306895
0001_0.8_0.2.png,aodnet,19.995729
0002_0.8_0.08.png,original,20.598337
0002_0.8_0.08.png,dcp,20.323156
0002_0.8_0.08.png,aodnet,20.779959
0003_0.8_0.2.png,original,20.690432
0003_0.8_0.2.png,dcp,20.341597
0003_0.8_0.2.png,aodnet,20.609331
0004_0.9_0.12.png,original,19.859149
0004_0.9_0.12.png,dcp,19.336592
0004_0.9_0.12.png,aodnet,19.682306
0006_0.85_0.08.png,original,20.289801
0006_0.85_0.08.png,dcp,19.930599
0006_0.85_0.08.png,aodnet,20.255919
0007_0.9_0.16.png,original,20.536448
0007_0.9_0.16.png,dcp,20.455700
0007_0.9_0.16.png,aodnet,20.628301
0009_0.8_0.16.png,original,20.798521
0009_0.8_0.16.png,dcp,20.753342
0009_0.8_0.16.png,aodnet,20.740999
0010_0.95_0.16.png,original,21.010957
0010_0.95_0.16.png,dcp,21.207281
0010_0.95_0.16.png,aodnet,21.276930
0011_0.95_0.16.png,original,20.731632
0011_0.95_0.16.png,dcp,20.587773
0011_0.95_0.16.png,aodnet,20.759418
0014_0.8_0.12.png,original,20.427423
0014_0.8_0.12.png,dcp,20.142830
0014_0.8_0.12.png,aodnet,20.509021
0016_0.8_0.08.png,original,19.894357
0016_0.8_0.08.png,dcp,19.257600
0016_0.8_0.08.png,aodnet,19.708997
0017_0.9_0.08.png,original,20.351384
0017_0.9_0.08.png,dcp,20.025374
0017_0.9_0.08.png,aodnet,20.514557
0018_0.9_0.2.png,original,20.249663
0018_0.9_0.2.png,dcp,19.833007
0018_0.9_0.2.png,aodnet,20.133026
0019_0.8_0.16.png,original,20.975261
0019_0.8_0.16.png,dcp,20.397728
0019_0.8_0.16.png,aodnet,21.175696
0021_0.8_0.08.png,original,20.374990
0021_0.8_0.08.png,dcp,20.016991
0021_0.8_0.08.png,aodnet,20.379693
0022_0.8_0.08.png,original,20.202785
0022_0.8_0.08.png,dcp,19.811325
0022_0.8_0.08.png,aodnet,20.234826
0023_0.85_0.12.png,original,20.644979
0023_0.85_0.12.png,dcp,20.421183
0023_0.85_0.12.png,aodnet,20.566634
0024_0.85_0.08.png,original,20.787853
0024_0.85_0.08.png,dcp,20.509726
0024_0.85_0.08.png,aodnet,20.884322
0025_0.8_0.16.png,original,20.391026
0025_0.8_0.16.png,dcp,20.028931
0025_0.8_0.16.png,aodnet,20.486282
0026_0.95_0.08.png,original,20.418590
0026_0.95_0.08.png,dcp,20.187399
0026_0.95_0.08.png,aodnet,20.516001
0029_0.85_0.08.png,original,20.258884
0029_0.85_0.08.png,dcp,20.075550
0029_0.85_0.08.png,aodnet,20.435313
0030_0.95_0.12.png,original,20.323141
0030_0.95_0.12.png,dcp,20.087965
0030_0.95_0.12.png,aodnet,20.452376
0033_0.85_0.08.png,original,20.027051
0033_0.85_0.08.png,dcp,19.838683
0033_0.85_0.08.png,aodnet,20.146111
0034_0.9_0.16.png,original,20.499107
0034_0.9_0.16.png,dcp,20.420216
0034_0.9_0.16.png,aodnet,20.672443
0036_1_0.08.png,original,20.861264
0036_1_0.08.png,dcp,20.382238
0036_1_0.08.png,aodnet,20.780509
0039_0.9_0.2.png,original,19.675849
0039_0.9_0.2.png,dcp,19.307574
0039_0.9_0.2.png,aodnet,19.797254
0040_1_0.08.png,original,20.049699
0040_1_0.08.png,dcp,20.004246
0040_1_0.08.png,aodnet,20.047197
0042_0.8_0.2.png,original,20.376424
0042_0.8_0.2.png,dcp,19.938719
0042_0.8_0.2.png,aodnet,20.360441
0045_0.8_0.16.png,original,20.374346
0045_0.8_0.16.png,dcp,20.445620
0045_0.8_0.16.png,aodnet,20.441993
0046_0.9_0.16.png,original,20.268514
0046_0.9_0.16.png,dcp,20.276269
0046_0.9_0.16.png,aodnet,20.496059
0047_0.9_0.12.png,original,20.491420
0047_0.9_0.12.png,dcp,20.444881
0047_0.9_0.12.png,aodnet,20.676616
0048_0.9_0.2.png,original,20.493369
0048_0.9_0.2.png,dcp,20.116319
0048_0.9_0.2.png,aodnet,20.329292
0049_0.85_0.12.png,original,20.130527
0049_0.85_0.12.png,dcp,19.775110
0049_0.85_0.12.png,aodnet,20.187560
0051_0.8_0.2.png,original,20.316424
0051_0.8_0.2.png,dcp,20.115757
0051_0.8_0.2.png,aodnet,20.366652
0051_0.95_0.12.png,original,20.190132
0051_0.95_0.12.png,dcp,20.017315
0051_0.95_0.12.png,aodnet,20.282301
0052_0.9_0.16.png,original,20.222548
0052_0.9_0.16.png,dcp,20.039029
0052_0.9_0.16.png,aodnet,20.210018
0053_0.9_0.12.png,original,20.549308
0053_0.9_0.12.png,dcp,20.473923
0053_0.9_0.12.png,aodnet,20.604277
0054_0.85_0.16.png,original,20.423760
0054_0.85_0.16.png,dcp,20.332700
0054_0.85_0.16.png,aodnet,20.463947
0055_0.85_0.12.png,original,20.123773
0055_0.85_0.12.png,dcp,20.202543
0055_0.85_0.12.png,aodnet,20.213125
0056_0.8_0.16.png,original,20.545653
0056_0.8_0.16.png,dcp,20.535314
0056_0.8_0.16.png,aodnet,20.648085
0057_0.8_0.12.png,original,19.576079
0057_0.8_0.12.png,dcp,19.042246
0057_0.8_0.12.png,aodnet,19.376739
0058_0.8_0.2.png,original,20.096737
0058_0.8_0.2.png,dcp,19.459051
0058_0.8_0.2.png,aodnet,20.075235
0059_0.9_0.12.png,original,20.554125
0059_0.9_0.12.png,dcp,20.010852
0059_0.9_0.12.png,aodnet,20.715008
0060_0.9_0.2.png,original,20.372373
0060_0.9_0.2.png,dcp,20.189001
0060_0.9_0.2.png,aodnet,20.561524
0061_0.8_0.2.png,original,20.221802
0061_0.8_0.2.png,dcp,20.390681
0061_0.8_0.2.png,aodnet,20.503313
0062_0.9_0.2.png,original,20.405262
0062_0.9_0.2.png,dcp,20.248055
0062_0.9_0.2.png,aodnet,20.584410
0063_0.8_0.16.png,original,21.140770
0063_0.8_0.16.png,dcp,21.028607
0063_0.8_0.16.png,aodnet,21.332404
0064_0.8_0.2.png,original,21.642946
0064_0.8_0.2.png,dcp,21.026593
0064_0.8_0.2.png,aodnet,21.922902
0065_0.9_0.12.png,original,19.772710
0065_0.9_0.12.png,dcp,19.101017
0065_0.9_0.12.png,aodnet,19.742349
0066_1_0.08.png,original,21.175676
0066_1_0.08.png,dcp,20.355007
0066_1_0.08.png,aodnet,20.644582
0068_1_0.16.png,original,20.022782
0068_1_0.16.png,dcp,19.792953
0068_1_0.16.png,aodnet,20.079381
0069_0.9_0.16.png,original,20.877092
0069_0.9_0.16.png,dcp,20.463709
0069_0.9_0.16.png,aodnet,21.171814
0070_0.9_0.12.png,original,19.964738
0070_0.9_0.12.png,dcp,19.818197
0070_0.9_0.12.png,aodnet,20.001391
0071_0.8_0.2.png,original,19.882736
0071_0.8_0.2.png,dcp,19.249183
0071_0.8_0.2.png,aodnet,19.857657
0072_0.9_0.2.png,original,21.029536
0072_0.9_0.2.png,dcp,20.891034
0072_0.9_0.2.png,aodnet,20.836757
0073_0.8_0.16.png,original,20.216243
0073_0.8_0.16.png,dcp,19.699003
0073_0.8_0.16.png,aodnet,20.270322
0074_0.8_0.2.png,original,20.277232
0074_0.8_0.2.png,dcp,20.135877
0074_0.8_0.2.png,aodnet,20.359758
0075_0.8_0.2.png,original,20.206181
0075_0.8_0.2.png,dcp,19.377029
0075_0.8_0.2.png,aodnet,20.221257
0076_0.8_0.2.png,original,20.514921
0076_0.8_0.2.png,dcp,20.246528
0076_0.8_0.2.png,aodnet,20.676609
0076_1_0.16.png,original,20.438976
0076_1_0.16.png,dcp,20.123930
0076_1_0.16.png,aodnet,20.638830
0077_0.8_0.2.png,original,20.904678
0077_0.8_0.2.png,dcp,20.283016
0077_0.8_0.2.png,aodnet,20.771048
0079_0.8_0.12.png,original,20.149811
0079_0.8_0.12.png,dcp,19.913321
0079_0.8_0.12.png,aodnet,20.245537
0081_0.8_0.2.png,original,20.301759
0081_0.8_0.2.png,dcp,20.236670
0081_0.8_0.2.png,aodnet,20.393151
0082_0.85_0.16.png,original,20.398308
0082_0.85_0.16.png,dcp,20.298756
0082_0.85_0.16.png,aodnet,20.528323
0083_0.85_0.12.png,original,20.389004
0083_0.85_0.12.png,dcp,20.310250
0083_0.85_0.12.png,aodnet,20.505761
0084_0.95_0.16.png,original,19.711779
0084_0.95_0.16.png,dcp,19.306706
0084_0.95_0.16.png,aodnet,19.639789
0085_0.95_0.08.png,original,20.406592
0085_0.95_0.08.png,dcp,20.073978
0085_0.95_0.08.png,aodnet,20.659085
0086_0.8_0.2.png,original,20.281685
0086_0.8_0.2.png,dcp,19.929968
0086_0.8_0.2.png,aodnet,20.583119
0086_0.95_0.12.png,original,20.006949
0086_0.95_0.12.png,dcp,19.653812
0086_0.95_0.12.png,aodnet,20.312415
0087_0.9_0.16.png,original,20.135292
0087_0.9_0.16.png,dcp,19.567954
0087_0.9_0.16.png,aodnet,20.028120
0088_0.9_0.12.png,original,20.960277
0088_0.9_0.12.png,dcp,21.010959
0088_0.9_0.12.png,aodnet,21.088147
0089_0.9_0.2.png,original,20.749405
0089_0.9_0.2.png,dcp,20.112611
0089_0.9_0.2.png,aodnet,20.545133
0090_0.85_0.12.png,original,20.882940
0090_0.85_0.12.png,dcp,20.755486
0090_0.85_0.12.png,aodnet,21.117075
0091_0.85_0.2.png,original,20.240358
0091_0.85_0.2.png,dcp,19.860113
0091_0.85_0.2.png,aodnet,20.224625
0092_0.85_0.2.png,original,19.696458
0092_0.85_0.2.png,dcp,19.086567
0092_0.85_0.2.png,aodnet,19.606780
0093_0.8_0.08.png,original,20.328424
0093_0.8_0.08.png,dcp,20.240020
0093_0.8_0.08.png,aodnet,20.480499
0094_0.8_0.2.png,original,20.599888
0094_0.8_0.2.png,dcp,20.100121
0094_0.8_0.2.png,aodnet,20.519773
0095_0.8_0.08.png,original,20.529154
0095_0.8_0.08.png,dcp,20.328400
0095_0.8_0.08.png,aodnet,20.731612
0096_0.8_0.2.png,original,20.252121
0096_0.8_0.2.png,dcp,20.002114
0096_0.8_0.2.png,aodnet,20.534412
0097_0.85_0.08.png,original,20.473038
0097_0.85_0.08.png,dcp,20.201621
0097_0.85_0.08.png,aodnet,20.488487
0098_0.85_0.2.png,original,20.055011
0098_0.85_0.2.png,dcp,19.679832
0098_0.85_0.2.png,aodnet,20.149296
0099_0.9_0.16.png,original,19.483647
0099_0.9_0.16.png,dcp,18.707841
0099_0.9_0.16.png,aodnet,19.441804
0100_0.9_0.12.png,original,20.907827
0100_0.9_0.12.png,dcp,20.787840
0100_0.9_0.12.png,aodnet,21.040597
0101_0.9_0.08.png,original,20.423111
0101_0.9_0.08.png,dcp,20.860306
0101_0.9_0.08.png,aodnet,20.578361
0102_0.85_0.12.png,original,20.662407
0102_0.85_0.12.png,dcp,20.350960
0102_0.85_0.12.png,aodnet,20.572546
0104_0.95_0.12.png,original,20.540136
0104_0.95_0.12.png,dcp,20.274267
0104_0.95_0.12.png,aodnet,20.739434
0105_0.95_0.2.png,original,21.755477
0105_0.95_0.2.png,dcp,21.099953
0105_0.95_0.2.png,aodnet,21.880362
0106_0.9_0.08.png,original,20.619367
0106_0.9_0.08.png,dcp,20.187425
0106_0.9_0.08.png,aodnet,20.902080
0107_0.9_0.08.png,original,20.284450
0107_0.9_0.08.png,dcp,20.322034
0107_0.9_0.08.png,aodnet,20.355053
0108_0.8_0.16.png,original,20.671112
0108_0.8_0.16.png,dcp,20.519297
0108_0.8_0.16.png,aodnet,20.613056
0108_1_0.2.png,original,20.704305
0108_1_0.2.png,dcp,20.422968
0108_1_0.2.png,aodnet,20.609618
0109_0.85_0.08.png,original,20.475668
0109_0.85_0.08.png,dcp,20.959051
0109_0.85_0.08.png,aodnet,20.861243
0110_0.8_0.12.png,original,20.285376
0110_0.8_0.12.png,dcp,19.815457
0110_0.8_0.12.png,aodnet,20.211281
0111_0.8_0.2.png,original,20.556546
0111_0.8_0.2.png,dcp,20.285525
0111_0.8_0.2.png,aodnet,20.783098
0112_0.8_0.2.png,original,20.179810
0112_0.8_0.2.png,dcp,19.719018
0112_0.8_0.2.png,aodnet,20.141630
0113_0.9_0.08.png,original,20.908290
0113_0.9_0.08.png,dcp,20.925489
0113_0.9_0.08.png,aodnet,21.436190
0115_0.8_0.12.png,original,20.623087
0115_0.8_0.12.png,dcp,20.428754
0115_0.8_0.12.png,aodnet,20.550042
0116_0.9_0.16.png,original,20.714845
0116_0.9_0.16.png,dcp,20.622109
0116_0.9_0.16.png,aodnet,20.802456
0117_0.9_0.12.png,original,20.495403
0117_0.9_0.12.png,dcp,19.845661
0117_0.9_0.12.png,aodnet,20.493653
0118_0.9_0.2.png,original,20.474475
0118_0.9_0.2.png,dcp,20.208524
0118_0.9_0.2.png,aodnet,20.595469
0119_0.85_0.12.png,original,20.378169
0119_0.85_0.12.png,dcp,20.199895
0119_0.85_0.12.png,aodnet,20.645554
0120_0.85_0.08.png,original,20.074498
0120_0.85_0.08.png,dcp,19.894574
0120_0.85_0.08.png,aodnet,20.114852
0121_0.85_0.2.png,original,20.194639
0121_0.85_0.2.png,dcp,19.984374
0121_0.85_0.2.png,aodnet,20.381019
0123_1_0.08.png,original,20.042890
0123_1_0.08.png,dcp,19.487818
0123_1_0.08.png,aodnet,20.283604
0125_0.8_0.12.png,original,20.254634
0125_0.8_0.12.png,dcp,20.134814
0125_0.8_0.12.png,aodnet,20.278503
0126_0.8_0.2.png,original,20.584194
0126_0.8_0.2.png,dcp,20.632730
0126_0.8_0.2.png,aodnet,20.564787
0127_0.8_0.2.png,original,20.608153
0127_0.8_0.2.png,dcp,20.341083
0127_0.8_0.2.png,aodnet,20.582381
0129_0.8_0.16.png,original,19.874916
0129_0.8_0.16.png,dcp,19.216927
0129_0.8_0.16.png,aodnet,19.887702
0131_0.95_0.08.png,original,20.550649
0131_0.95_0.08.png,dcp,20.649793
0131_0.95_0.08.png,aodnet,20.857719
0132_1_0.08.png,original,20.819776
0132_1_0.08.png,dcp,20.695354
0132_1_0.08.png,aodnet,20.881090
0133_1_0.2.png,original,20.707506
0133_1_0.2.png,dcp,20.654629
0133_1_0.2.png,aodnet,20.870160
0134_0.95_0.16.png,original,21.113729
0134_0.95_0.16.png,dcp,20.436566
0134_0.95_0.16.png,aodnet,21.325715
0135_0.95_0.12.png,original,20.542199
0135_0.95_0.12.png,dcp,20.449726
0135_0.95_0.12.png,aodnet,21.169998
0137_0.8_0.2.png,original,20.169120
0137_0.8_0.2.png,dcp,19.154443
0137_0.8_0.2.png,aodnet,20.276679
0138_0.9_0.08.png,original,20.089514
0138_0.9_0.08.png,dcp,19.756947
0138_0.9_0.08.png,aodnet,20.130236
0139_0.85_0.12.png,original,20.349372
0139_0.85_0.12.png,dcp,20.253150
0139_0.85_0.12.png,aodnet,20.382224
0140_0.95_0.12.png,original,20.564596
0140_0.95_0.12.png,dcp,20.094093
0140_0.95_0.12.png,aodnet,20.387575
0141_0.95_0.12.png,original,20.300443
0141_0.95_0.12.png,dcp,19.887698
0141_0.95_0.12.png,aodnet,20.400287
0142_0.95_0.08.png,original,20.357884
0142_0.95_0.08.png,dcp,20.012007
0142_0.95_0.08.png,aodnet,20.885871
0143_1_0.2.png,original,20.741346
0143_1_0.2.png,dcp,20.316240
0143_1_0.2.png,aodnet,20.914929
0145_0.8_0.12.png,original,20.823044
0145_0.8_0.12.png,dcp,20.590682
0145_0.8_0.12.png,aodnet,20.962277
0146_0.8_0.2.png,original,20.716314
0146_0.8_0.2.png,dcp,20.419497
0146_0.8_0.2.png,aodnet,20.933994
0147_1_0.16.png,original,20.412619
0147_1_0.16.png,dcp,20.287948
0147_1_0.16.png,aodnet,20.658829
0148_0.9_0.12.png,original,20.858660
0148_0.9_0.12.png,dcp,20.573338
0148_0.9_0.12.png,aodnet,20.980027
0149_0.9_0.08.png,original,20.893952
0149_0.9_0.08.png,dcp,20.166842
0149_0.9_0.08.png,aodnet,20.785490
0150_0.8_0.16.png,original,20.094468
0150_0.8_0.16.png,dcp,19.657754
0150_0.8_0.16.png,aodnet,20.235206
0151_0.8_0.08.png,original,20.919118
0151_0.8_0.08.png,dcp,20.478503
0151_0.8_0.08.png,aodnet,21.032114
0152_0.8_0.2.png,original,20.689387
0152_0.8_0.2.png,dcp,20.099734
0152_0.8_0.2.png,aodnet,20.426163
0153_0.8_0.08.png,original,20.350203
0153_0.8_0.08.png,dcp,20.296559
0153_0.8_0.08.png,aodnet,20.403045
0154_0.8_0.2.png,original,20.525595
0154_0.8_0.2.png,dcp,20.581092
0154_0.8_0.2.png,aodnet,20.673132
0155_1_0.08.png,original,20.744259
0155_1_0.08.png,dcp,20.543696
0155_1_0.08.png,aodnet,20.877213
0157_0.8_0.08.png,original,20.394169
0157_0.8_0.08.png,dcp,20.341819
0157_0.8_0.08.png,aodnet,20.920177
0158_0.8_0.2.png,original,20.483633
0158_0.8_0.2.png,dcp,20.269074
0158_0.8_0.2.png,aodnet,20.778849
0160_0.9_0.2.png,original,20.600986
0160_0.9_0.2.png,dcp,20.478902
0160_0.9_0.2.png,aodnet,20.630842
0161_0.85_0.08.png,original,20.636012
0161_0.85_0.08.png,dcp,20.602763
0161_0.85_0.08.png,aodnet,20.653477
0162_0.95_0.12.png,original,20.874624
0162_0.95_0.12.png,dcp,20.481693
0162_0.95_0.12.png,aodnet,21.012396
0163_0.95_0.08.png,original,20.354332
0163_0.95_0.08.png,dcp,20.027565
0163_0.95_0.08.png,aodnet,20.400030
0164_0.9_0.2.png,original,20.437672
0164_0.9_0.2.png,dcp,20.516139
0164_0.9_0.2.png,aodnet,20.512506
0165_0.9_0.2.png,original,20.506870
0165_0.9_0.2.png,dcp,19.815356
0165_0.9_0.2.png,aodnet,20.667768
0166_0.8_0.16.png,original,20.564416
0166_0.8_0.16.png,dcp,20.732238
0166_0.8_0.16.png,aodnet,20.722609
0167_0.8_0.12.png,original,20.970675
0167_0.8_0.12.png,dcp,20.702021
0167_0.8_0.12.png,aodnet,21.114933
0168_0.9_0.16.png,original,20.660396
0168_0.9_0.16.png,dcp,20.632008
0168_0.9_0.16.png,aodnet,20.848281
0169_0.9_0.12.png,original,20.684570
0169_0.9_0.12.png,dcp,20.695102
0169_0.9_0.12.png,aodnet,20.988963
0170_0.8_0.2.png,original,20.634988
0170_0.8_0.2.png,dcp,20.646527
0170_0.8_0.2.png,aodnet,21.012353
0171_0.85_0.12.png,original,19.984836
0171_0.85_0.12.png,dcp,19.747642
0171_0.85_0.12.png,aodnet,20.822873
0172_0.85_0.08.png,original,20.469057
0172_0.85_0.08.png,dcp,20.000304
0172_0.85_0.08.png,aodnet,20.299645
0174_0.95_0.08.png,original,19.830872
0174_0.95_0.08.png,dcp,19.132370
0174_0.95_0.08.png,aodnet,19.708156
0175_0.85_0.16.png,original,20.714884
0175_0.85_0.16.png,dcp,20.584284
0175_0.85_0.16.png,aodnet,20.695476
0176_1_0.08.png,original,20.559942
0176_1_0.08.png,dcp,20.513619
0176_1_0.08.png,aodnet,20.711921
0178_0.8_0.12.png,original,20.438783
0178_0.8_0.12.png,dcp,20.137908
0178_0.8_0.12.png,aodnet,20.502140
0179_0.8_0.2.png,original,20.712561
0179_0.8_0.2.png,dcp,20.350857
0179_0.8_0.2.png,aodnet,20.740955
0180_0.85_0.16.png,original,20.152422
0180_0.85_0.16.png,dcp,19.415699
0180_0.85_0.16.png,aodnet,20.235503
0181_0.9_0.08.png,original,19.895524
0181_0.9_0.08.png,dcp,19.709348
0181_0.9_0.08.png,aodnet,20.087946
0182_0.8_0.16.png,original,20.521932
0182_0.8_0.16.png,dcp,19.976976
0182_0.8_0.16.png,aodnet,20.556973
0183_0.8_0.16.png,original,20.846002
0183_0.8_0.16.png,dcp,20.561489
0183_0.8_0.16.png,aodnet,21.268841
0184_0.95_0.12.png,original,20.234609
0184_0.95_0.12.png,dcp,19.525347
0184_0.95_0.12.png,aodnet,20.145831
0185_1_0.16.png,original,20.498360
0185_1_0.16.png,dcp,20.296468
0185_1_0.16.png,aodnet,20.624008
0187_0.9_0.2.png,original,21.061509
0187_0.9_0.2.png,dcp,20.973350
0187_0.9_0.2.png,aodnet,21.177649
0188_0.85_0.08.png,original,20.253320
0188_0.85_0.08.png,dcp,19.932336
0188_0.85_0.08.png,aodnet,20.357616
0189_0.85_0.2.png,original,20.731198
0189_0.85_0.2.png,dcp,20.387046
0189_0.85_0.2.png,aodnet,20.670850
0191_1_0.08.png,original,19.991045
0191_1_0.08.png,dcp,19.768165
0191_1_0.08.png,aodnet,20.124866
0194_1_0.2.png,original,20.493977
0194_1_0.2.png,dcp,20.381660
0194_1_0.2.png,aodnet,20.635494
0195_1_0.08.png,original,20.435854
0195_1_0.08.png,dcp,20.276296
0195_1_0.08.png,aodnet,20.759751
0196_0.9_0.2.png,original,20.580671
0196_0.9_0.2.png,dcp,20.200572
0196_0.9_0.2.png,aodnet,20.550686
0197_0.8_0.16.png,original,20.563912
0197_0.8_0.16.png,dcp,20.702534
0197_0.8_0.16.png,aodnet,20.779704
0198_0.95_0.12.png,original,20.411950
0198_0.95_0.12.png,dcp,19.981481
0198_0.95_0.12.png,aodnet,20.273430
0199_1_0.16.png,original,20.780570
0199_1_0.16.png,dcp,20.201148
0199_1_0.16.png,aodnet,20.699070
0200_1_0.12.png,original,20.684540
0200_1_0.12.png,dcp,20.257650
0200_1_0.12.png,aodnet,20.738040
0201_1_0.08.png,original,20.757761
0201_1_0.08.png,dcp,20.360949
0201_1_0.08.png,aodnet,21.082919
0202_0.85_0.12.png,original,19.562916
0202_0.85_0.12.png,dcp,19.612127
0202_0.85_0.12.png,aodnet,19.716763
0204_0.8_0.08.png,original,20.685472
0204_0.8_0.08.png,dcp,20.640146
0204_0.8_0.08.png,aodnet,20.958026
0205_1_0.16.png,original,20.609144
0205_1_0.16.png,dcp,20.624552
0205_1_0.16.png,aodnet,20.635643
0206_1_0.12.png,original,20.184580
0206_1_0.12.png,dcp,19.399325
0206_1_0.12.png,aodnet,20.121908
0207_1_0.08.png,original,20.413999
0207_1_0.08.png,dcp,19.933661
0207_1_0.08.png,aodnet,20.369477
0208_0.8_0.16.png,original,20.323661
0208_0.8_0.16.png,dcp,19.735301
0208_0.8_0.16.png,aodnet,20.202680
0209_0.85_0.08.png,original,20.447381
0209_0.85_0.08.png,dcp,20.318186
0209_0.85_0.08.png,aodnet,20.568267
0210_0.85_0.2.png,original,20.977353
0210_0.85_0.2.png,dcp,20.877899
0210_0.85_0.2.png,aodnet,21.099011
0212_0.9_0.2.png,original,21.450311
0212_0.9_0.2.png,dcp,20.535394
0212_0.9_0.2.png,aodnet,21.530125
0213_1_0.2.png,original,19.930689
0213_1_0.2.png,dcp,18.967597
0213_1_0.2.png,aodnet,19.945670
0215_0.8_0.08.png,original,19.215294
0215_0.8_0.08.png,dcp,19.106542
0215_0.8_0.08.png,aodnet,19.488800
0216_1_0.12.png,original,20.204800
0216_1_0.12.png,dcp,19.561978
0216_1_0.12.png,aodnet,20.209458
0217_1_0.2.png,original,21.026699
0217_1_0.2.png,dcp,20.520525
0217_1_0.2.png,aodnet,20.948026
0218_0.9_0.2.png,original,20.639737
0218_0.9_0.2.png,dcp,19.974847
0218_0.9_0.2.png,aodnet,20.879560
0219_0.85_0.08.png,original,20.488957
0219_0.85_0.08.png,dcp,20.010625
0219_0.85_0.08.png,aodnet,20.551565
0220_0.85_0.2.png,original,20.434031
0220_0.85_0.2.png,dcp,20.292694
0220_0.85_0.2.png,aodnet,20.595767
0222_0.85_0.16.png,original,20.592730
0222_0.85_0.16.png,dcp,20.569885
0222_0.85_0.16.png,aodnet,20.849559
0223_0.95_0.16.png,original,20.698062
0223_0.95_0.16.png,dcp,20.478516
0223_0.95_0.16.png,aodnet,20.640345
0225_0.8_0.2.png,original,20.365095
0225_0.8_0.2.png,dcp,20.382482
0225_0.8_0.2.png,aodnet,20.480148
0226_0.8_0.2.png,original,20.895905
0226_0.8_0.2.png,dcp,20.271160
0226_0.8_0.2.png,aodnet,20.711242
0228_1_0.2.png,original,20.479395
0228_1_0.2.png,dcp,20.628039
0228_1_0.2.png,aodnet,20.449844
0230_0.9_0.16.png,original,20.673418
0230_0.9_0.16.png,dcp,20.464287
0230_0.9_0.16.png,aodnet,20.779645
0233_0.8_0.12.png,original,20.722391
0233_0.8_0.12.png,dcp,20.366976
0233_0.8_0.12.png,aodnet,20.689377
0235_0.9_0.08.png,original,20.806203
0235_0.9_0.08.png,dcp,20.797105
0235_0.9_0.08.png,aodnet,21.282730
0237_0.8_0.12.png,original,20.055561
0237_0.8_0.12.png,dcp,19.696914
0237_0.8_0.12.png,aodnet,20.053557
0238_0.8_0.2.png,original,21.006299
0238_0.8_0.2.png,dcp,20.631981
0238_0.8_0.2.png,aodnet,20.908856
0239_0.8_0.2.png,original,20.391254
0239_0.8_0.2.png,dcp,20.477090
0239_0.8_0.2.png,aodnet,20.664404
0240_1_0.08.png,original,19.983507
0240_1_0.08.png,dcp,19.827897
0240_1_0.08.png,aodnet,19.905134
0242_0.8_0.12.png,original,20.261848
0242_0.8_0.12.png,dcp,20.233977
0242_0.8_0.12.png,aodnet,20.512343
0243_0.8_0.08.png,original,20.636932
0243_0.8_0.08.png,dcp,20.344878
0243_0.8_0.08.png,aodnet,20.673335
0244_0.9_0.12.png,original,20.568107
0244_0.9_0.12.png,dcp,19.819677
0244_0.9_0.12.png,aodnet,20.390504
0245_1_0.2.png,original,20.265547
0245_1_0.2.png,dcp,19.623257
0245_1_0.2.png,aodnet,20.206466
0246_0.85_0.12.png,original,20.468348
0246_0.85_0.12.png,dcp,20.289865
0246_0.85_0.12.png,aodnet,20.517491
0248_0.8_0.08.png,original,20.821557
0248_0.8_0.08.png,dcp,20.576734
0248_0.8_0.08.png,aodnet,21.157443
0249_1_0.12.png,original,20.050430
0249_1_0.12.png,dcp,19.490134
0249_1_0.12.png,aodnet,20.025030
0251_0.8_0.16.png,original,20.767988
0251_0.8_0.16.png,dcp,20.260370
0251_0.8_0.16.png,aodnet,20.797349
0253_0.8_0.2.png,original,20.593743
0253_0.8_0.2.png,dcp,20.698925
0253_0.8_0.2.png,aodnet,20.778558
0253_1_0.16.png,original,20.614276
0253_1_0.16.png,dcp,20.676406
0253_1_0.16.png,aodnet,20.723642
0255_0.85_0.08.png,original,20.977323
0255_0.85_0.08.png,dcp,20.410145
0255_0.85_0.08.png,aodnet,21.236798
0256_0.95_0.16.png,original,20.772840
0256_0.95_0.16.png,dcp,20.395652
0256_0.95_0.16.png,aodnet,21.483292
0258_0.8_0.2.png,original,20.933131
0258_0.8_0.2.png,dcp,20.438510
0258_0.8_0.2.png,aodnet,21.165678
0259_0.9_0.08.png,original,20.621322
0259_0.9_0.08.png,dcp,20.464570
0259_0.9_0.08.png,aodnet,20.870386
0260_0.9_0.2.png,original,21.050277
0260_0.9_0.2.png,dcp,20.483180
0260_0.9_0.2.png,aodnet,21.248846
0261_0.85_0.08.png,original,20.635390
0261_0.85_0.08.png,dcp,20.341755
0261_0.85_0.08.png,aodnet,20.825057
0262_0.95_0.12.png,original,21.646576
0262_0.95_0.12.png,dcp,20.553693
0262_0.95_0.12.png,aodnet,21.506343
0263_0.95_0.08.png,original,20.406041
0263_0.95_0.08.png,dcp,20.196072
0263_0.95_0.08.png,aodnet,20.443567
0264_0.95_0.2.png,original,20.957189
0264_0.95_0.2.png,dcp,20.663840
0264_0.95_0.2.png,aodnet,21.570051
0266_0.8_0.12.png,original,20.819991
0266_0.8_0.12.png,dcp,20.689927
0266_0.8_0.12.png,aodnet,21.150199
0267_0.9_0.16.png,original,20.768373
0267_0.9_0.16.png,dcp,20.773085
0267_0.9_0.16.png,aodnet,20.757071
0268_0.9_0.16.png,original,20.774567
0268_0.9_0.16.png,dcp,20.248335
0268_0.9_0.16.png,aodnet,20.719464
0269_0.95_0.2.png,original,20.466114
0269_0.95_0.2.png,dcp,19.771975
0269_0.95_0.2.png,aodnet,20.387288
0270_0.85_0.16.png,original,20.780493
0270_0.85_0.16.png,dcp,20.385632
0270_0.85_0.16.png,aodnet,20.808477
0271_0.85_0.12.png,original,20.740853
0271_0.85_0.12.png,dcp,20.509005
0271_0.85_0.12.png,aodnet,20.817295
0272_0.85_0.08.png,original,20.380597
0272_0.85_0.08.png,dcp,19.983078
0272_0.85_0.08.png,aodnet,20.234297
0273_0.85_0.2.png,original,20.379304
0273_0.85_0.2.png,dcp,19.727494
0273_0.85_0.2.png,aodnet,20.315547
0274_0.95_0.12.png,original,20.969937
0274_0.95_0.12.png,dcp,20.660674
0274_0.95_0.12.png,aodnet,20.891381
0275_1_0.16.png,original,20.473102
0275_1_0.16.png,dcp,19.888835
0275_1_0.16.png,aodnet,20.231570
0276_1_0.12.png,original,21.140638
0276_1_0.12.png,dcp,20.820211
0276_1_0.12.png,aodnet,21.223327
0277_1_0.08.png,original,20.786670
0277_1_0.08.png,dcp,20.555600
0277_1_0.08.png,aodnet,20.738309
0279_0.8_0.12.png,original,20.634384
0279_0.8_0.12.png,dcp,20.302671
0279_0.8_0.12.png,aodnet,20.667490
0280_0.9_0.16.png,original,20.772376
0280_0.9_0.16.png,dcp,20.993259
0280_0.9_0.16.png,aodnet,21.081556
0281_0.9_0.12.png,original,20.525767
0281_0.9_0.12.png,dcp,20.271101
0281_0.9_0.12.png,aodnet,20.548853
0282_0.85_0.16.png,original,20.290791
0282_0.85_0.16.png,dcp,20.214592
0282_0.85_0.16.png,aodnet,20.373225
0283_0.85_0.12.png,original,20.405969
0283_0.85_0.12.png,dcp,20.288937
0283_0.85_0.12.png,aodnet,20.752070
0284_0.8_0.16.png,original,20.105843
0284_0.8_0.16.png,dcp,19.909920
0284_0.8_0.16.png,aodnet,20.318282
0285_0.85_0.2.png,original,20.089143
0285_0.85_0.2.png,dcp,19.651089
0285_0.85_0.2.png,aodnet,20.204917
0286_0.8_0.08.png,original,20.086980
0286_0.8_0.08.png,dcp,19.805155
0286_0.8_0.08.png,aodnet,20.150232
0287_0.8_0.2.png,original,20.877847
0287_0.8_0.2.png,dcp,20.449655
0287_0.8_0.2.png,aodnet,20.866905
0287_0.95_0.08.png,original,20.737897
0287_0.95_0.08.png,dcp,20.453563
0287_0.95_0.08.png,aodnet,20.710547
0288_0.95_0.2.png,original,20.539077
0288_0.95_0.2.png,dcp,20.286428
0288_0.95_0.2.png,aodnet,20.814453
0290_0.85_0.08.png,original,20.465709
0290_0.85_0.08.png,dcp,20.388502
0290_0.85_0.08.png,aodnet,20.936416
0291_0.95_0.12.png,original,20.807162
0291_0.95_0.12.png,dcp,20.683180
0291_0.95_0.12.png,aodnet,20.896836
0292_1_0.16.png,original,20.693789
0292_1_0.16.png,dcp,20.539531
0292_1_0.16.png,aodnet,20.751730
0294_1_0.2.png,original,20.958224
0294_1_0.2.png,dcp,20.541174
0294_1_0.2.png,aodnet,20.895187
0295_0.85_0.08.png,original,20.876971
0295_0.85_0.08.png,dcp,20.974698
0295_0.85_0.08.png,aodnet,21.026330
0296_0.95_0.12.png,original,20.247399
0296_0.95_0.12.png,dcp,19.955638
0296_0.95_0.12.png,aodnet,20.257468
0297_0.95_0.08.png,original,19.779970
0297_0.95_0.08.png,dcp,19.727387
0297_0.95_0.08.png,aodnet,20.075977
0298_1_0.12.png,original,20.647860
0298_1_0.12.png,dcp,20.502340
0298_1_0.12.png,aodnet,20.678633
0299_0.9_0.08.png,original,19.613937
0299_0.9_0.08.png,dcp,19.279501
0299_0.9_0.08.png,aodnet,19.552810
0300_1_0.2.png,original,20.646706
0300_1_0.2.png,dcp,20.466331
0300_1_0.2.png,aodnet,20.917524
0302_0.9_0.16.png,original,20.603621
0302_0.9_0.16.png,dcp,20.778714
0302_0.9_0.16.png,aodnet,21.108995
0303_0.9_0.12.png,original,20.431802
0303_0.9_0.12.png,dcp,20.452807
0303_0.9_0.12.png,aodnet,20.615406
0304_0.9_0.08.png,original,20.522728
0304_0.9_0.08.png,dcp,20.494011
0304_0.9_0.08.png,aodnet,20.686216
0305_0.9_0.2.png,original,20.591022
0305_0.9_0.2.png,dcp,20.490594
0305_0.9_0.2.png,aodnet,20.876536
0306_0.8_0.16.png,original,20.309467
0306_0.8_0.16.png,dcp,20.264785
0306_0.8_0.16.png,aodnet,20.437045
0307_0.8_0.12.png,original,20.665714
0307_0.8_0.12.png,dcp,20.439248
0307_0.8_0.12.png,aodnet,21.367806
0308_1_0.16.png,original,20.451891
0308_1_0.16.png,dcp,20.172345
0308_1_0.16.png,aodnet,20.476084
0309_1_0.08.png,original,20.769994
0309_1_0.08.png,dcp,20.576653
0309_1_0.08.png,aodnet,21.084675
0311_0.8_0.16.png,original,20.429810
0311_0.8_0.16.png,dcp,20.181676
0311_0.8_0.16.png,aodnet,20.706017
0312_0.8_0.12.png,original,19.673131
0312_0.8_0.12.png,dcp,19.189928
0312_0.8_0.12.png,aodnet,19.647721
0313_0.8_0.2.png,original,20.129192
0313_0.8_0.2.png,dcp,19.962443
0313_0.8_0.2.png,aodnet,20.156089
0314_0.9_0.12.png,original,20.105822
0314_0.9_0.12.png,dcp,19.620368
0314_0.9_0.12.png,aodnet,20.240642
0315_0.85_0.16.png,original,20.311682
0315_0.85_0.16.png,dcp,20.002645
0315_0.85_0.16.png,aodnet,20.348185
0316_0.85_0.12.png,original,20.619918
0316_0.85_0.12.png,dcp,20.604321
0316_0.85_0.12.png,aodnet,20.573448
0317_0.85_0.08.png,original,20.685374
0317_0.85_0.08.png,dcp,20.594541
0317_0.85_0.08.png,aodnet,21.081370
0318_0.85_0.2.png,original,20.995284
0318_0.85_0.2.png,dcp,20.604342
0318_0.85_0.2.png,aodnet,20.941402
0319_0.9_0.16.png,original,20.431780
0319_0.9_0.16.png,dcp,19.899787
0319_0.9_0.16.png,aodnet,20.466400
0320_0.9_0.08.png,original,20.859785
0320_0.9_0.08.png,dcp,20.664298
0320_0.9_0.08.png,aodnet,20.976916
0320_1_0.16.png,original,20.773545
0320_1_0.16.png,dcp,20.609092
0320_1_0.16.png,aodnet,20.734364
0321_1_0.12.png,original,20.398619
0321_1_0.12.png,dcp,20.207311
0321_1_0.12.png,aodnet,20.464292
0323_0.8_0.16.png,original,20.602292
0323_0.8_0.16.png,dcp,20.187646
0323_0.8_0.16.png,aodnet,20.647772
0324_0.8_0.12.png,original,20.836685
0324_0.8_0.12.png,dcp,20.351181
0324_0.8_0.12.png,aodnet,21.000016
0325_0.9_0.16.png,original,20.052502
0325_0.9_0.16.png,dcp,19.444106
0325_0.9_0.16.png,aodnet,19.855365
0326_0.9_0.12.png,original,20.716041
0326_0.9_0.12.png,dcp,20.854913
0326_0.9_0.12.png,aodnet,20.812259
0327_1_0.08.png,original,20.822766
0327_1_0.08.png,dcp,20.447517
0327_1_0.08.png,aodnet,20.906288
0329_0.8_0.12.png,original,20.395988
0329_0.8_0.12.png,dcp,20.303369
0329_0.8_0.12.png,aodnet,20.676579
0330_0.8_0.08.png,original,20.323517
0330_0.8_0.08.png,dcp,20.128804
0330_0.8_0.08.png,aodnet,20.540201
0330_0.95_0.12.png,original,20.357124
0330_0.95_0.12.png,dcp,20.120970
0330_0.95_0.12.png,aodnet,20.578813
0331_0.95_0.12.png,original,20.535882
0331_0.95_0.12.png,dcp,20.319444
0331_0.95_0.12.png,aodnet,20.789191
0332_0.95_0.08.png,original,20.393136
0332_0.95_0.08.png,dcp,20.337970
0332_0.95_0.08.png,aodnet,20.714283
0333_0.95_0.2.png,original,20.772028
0333_0.95_0.2.png,dcp,20.571122
0333_0.95_0.2.png,aodnet,20.972506
0334_1_0.08.png,original,21.021202
0334_1_0.08.png,dcp,20.976916
0334_1_0.08.png,aodnet,21.346980
0335_1_0.2.png,original,20.624721
0335_1_0.2.png,dcp,20.758208
0335_1_0.2.png,aodnet,20.620283
0337_0.8_0.08.png,original,20.471808
0337_0.8_0.08.png,dcp,20.213582
0337_0.8_0.08.png,aodnet,20.490342
0338_0.9_0.12.png,original,20.901333
0338_0.9_0.12.png,dcp,20.667465
0338_0.9_0.12.png,aodnet,20.894236
0340_0.85_0.08.png,original,20.308062
0340_0.85_0.08.png,dcp,20.100481
0340_0.85_0.08.png,aodnet,20.339294
0341_0.85_0.2.png,original,20.412752
0341_0.85_0.2.png,dcp,20.248553
0341_0.85_0.2.png,aodnet,20.798726
0342_0.95_0.08.png,original,20.614542
0342_0.95_0.08.png,dcp,20.662592
0342_0.95_0.08.png,aodnet,21.050114
0343_0.95_0.2.png,original,20.341319
0343_0.95_0.2.png,dcp,20.205188
0343_0.95_0.2.png,aodnet,20.316663
0344_0.85_0.16.png,original,19.931425
0344_0.85_0.16.png,dcp,19.644480
0344_0.85_0.16.png,aodnet,19.815555
0345_0.85_0.12.png,original,20.193935
0345_0.85_0.12.png,dcp,19.938514
0345_0.85_0.12.png,aodnet,20.188926
0346_0.95_0.16.png,original,20.194814
0346_0.95_0.16.png,dcp,20.115372
0346_0.95_0.16.png,aodnet,20.212799
0348_0.8_0.2.png,original,20.185213
0348_0.8_0.2.png,dcp,20.015076
0348_0.8_0.2.png,aodnet,20.339959
0349_0.9_0.08.png,original,19.671811
0349_0.9_0.08.png,dcp,19.445685
0349_0.9_0.08.png,aodnet,19.671292
0350_0.85_0.12.png,original,20.170064
0350_0.85_0.12.png,dcp,19.833868
0350_0.85_0.12.png,aodnet,20.117312
0351_0.95_0.16.png,original,20.275332
0351_0.95_0.16.png,dcp,19.709761
0351_0.95_0.16.png,aodnet,20.203701
0353_0.9_0.12.png,original,20.085724
0353_0.9_0.12.png,dcp,19.785460
0353_0.9_0.12.png,aodnet,20.076316
0354_0.9_0.08.png,original,19.735402
0354_0.9_0.08.png,dcp,19.700225
0354_0.9_0.08.png,aodnet,19.725056
0355_0.85_0.12.png,original,20.309825
0355_0.85_0.12.png,dcp,20.285419
0355_0.85_0.12.png,aodnet,20.386587
0356_0.85_0.08.png,original,20.277817
0356_0.85_0.08.png,dcp,19.975004
0356_0.85_0.08.png,aodnet,20.467692
0357_0.95_0.12.png,original,20.152619
0357_0.95_0.12.png,dcp,19.861776
0357_0.95_0.12.png,aodnet,20.185430
0359_0.85_0.16.png,original,20.323105
0359_0.85_0.16.png,dcp,20.093891
0359_0.85_0.16.png,aodnet,20.375183
0361_0.85_0.2.png,original,20.125360
0361_0.85_0.2.png,dcp,19.780624
0361_0.85_0.2.png,aodnet,20.245653
0362_0.95_0.08.png,original,19.826404
0362_0.95_0.08.png,dcp,19.574742
0362_0.95_0.08.png,aodnet,19.859060
0364_0.85_0.12.png,original,19.698433
0364_0.85_0.12.png,dcp,19.009889
0364_0.85_0.12.png,aodnet,19.751490
0366_0.9_0.16.png,original,20.641365
0366_0.9_0.16.png,dcp,20.038274
0366_0.9_0.16.png,aodnet,20.566762
0369_0.85_0.2.png,original,20.159967
0369_0.85_0.2.png,dcp,19.920594
0369_0.85_0.2.png,aodnet,20.347823
0371_0.9_0.08.png,original,20.495366
0371_0.9_0.08.png,dcp,20.135611
0371_0.9_0.08.png,aodnet,20.593478
0372_0.85_0.12.png,original,20.453865
0372_0.85_0.12.png,dcp,20.080184
0372_0.85_0.12.png,aodnet,20.732156
0375_0.85_0.16.png,original,19.705931
0375_0.85_0.16.png,dcp,19.025684
0375_0.85_0.16.png,aodnet,19.717872
0380_0.85_0.2.png,original,20.540316
0380_0.85_0.2.png,dcp,20.020707
0380_0.85_0.2.png,aodnet,20.467005
0382_0.9_0.08.png,original,21.055543
0382_0.9_0.08.png,dcp,21.006271
0382_0.9_0.08.png,aodnet,21.164487
0383_0.9_0.2.png,original,21.716178
0383_0.9_0.2.png,dcp,20.629116
0383_0.9_0.2.png,aodnet,21.792837
0385_0.8_0.08.png,original,20.331112
0385_0.8_0.08.png,dcp,20.355245
0385_0.8_0.08.png,aodnet,20.606715
0386_1_0.12.png,original,20.140080
0386_1_0.12.png,dcp,19.835889
0386_1_0.12.png,aodnet,20.100600
0388_0.95_0.16.png,original,20.216833
0388_0.95_0.16.png,dcp,19.857407
0388_0.95_0.16.png,aodnet,20.300072
0390_0.9_0.12.png,original,19.356781
0390_0.9_0.12.png,dcp,19.012512
0390_0.9_0.12.png,aodnet,19.346633
0391_1_0.08.png,original,20.626604
0391_1_0.08.png,dcp,20.040094
0391_1_0.08.png,aodnet,20.641716
0392_1_0.2.png,original,20.325284
0392_1_0.2.png,dcp,19.549873
0392_1_0.2.png,aodnet,20.102681
0393_1_0.2.png,original,20.730032
0393_1_0.2.png,dcp,19.931996
0393_1_0.2.png,aodnet,20.524269
0395_0.95_0.08.png,original,20.941302
0395_0.95_0.08.png,dcp,20.920059
0395_0.95_0.08.png,aodnet,21.101784
0397_0.85_0.12.png,original,20.687528
0397_0.85_0.12.png,dcp,20.503408
0397_0.85_0.12.png,aodnet,20.721056
0399_0.8_0.08.png,original,20.672063
0399_0.8_0.08.png,dcp,20.484300
0399_0.8_0.08.png,aodnet,20.688653
0400_0.9_0.12.png,original,20.522007
0400_0.9_0.12.png,dcp,20.270546
0400_0.9_0.12.png,aodnet,20.598657
0402_0.8_0.16.png,original,20.377195
0402_0.8_0.16.png,dcp,20.141477
0402_0.8_0.16.png,aodnet,20.185307
0404_0.8_0.2.png,original,20.704011
0404_0.8_0.2.png,dcp,21.015873
0404_0.8_0.2.png,aodnet,20.813340
0405_1_0.08.png,original,21.540895
0405_1_0.08.png,dcp,21.341607
0405_1_0.08.png,aodnet,21.890301
0406_1_0.2.png,original,21.634811
0406_1_0.2.png,dcp,20.808411
0406_1_0.2.png,aodnet,21.514716
0407_0.95_0.16.png,original,20.658570
0407_0.95_0.16.png,dcp,20.185824
0407_0.95_0.16.png,aodnet,20.677499
0409_1_0.12.png,original,19.939556
0409_1_0.12.png,dcp,19.366262
0409_1_0.12.png,aodnet,19.845340
0411_0.95_0.16.png,original,20.261425
0411_0.95_0.16.png,dcp,19.838211
0411_0.95_0.16.png,aodnet,20.194974
0413_0.95_0.2.png,original,20.752183
0413_0.95_0.2.png,dcp,20.555258
0413_0.95_0.2.png,aodnet,20.769678
1001_0.8_0.16.png,original,20.365483
1001_0.8_0.16.png,dcp,20.062593
1001_0.8_0.16.png,aodnet,20.378432
1002_1_0.16.png,original,20.968211
1002_1_0.16.png,dcp,20.525644
1002_1_0.16.png,aodnet,20.708698
1005_0.8_0.12.png,original,21.142928
1005_0.8_0.12.png,dcp,21.246371
1005_0.8_0.12.png,aodnet,21.447690
1006_1_0.16.png,original,20.661025
1006_1_0.16.png,dcp,20.064525
1006_1_0.16.png,aodnet,20.540003
1007_0.95_0.08.png,original,20.631723
1007_0.95_0.08.png,dcp,20.408183
1007_0.95_0.08.png,aodnet,20.507562
1008_0.9_0.12.png,original,20.446005
1008_0.9_0.12.png,dcp,20.720579
1008_0.9_0.12.png,aodnet,20.651921
1009_0.85_0.12.png,original,19.777891
1009_0.85_0.12.png,dcp,19.746761
1009_0.85_0.12.png,aodnet,19.936238
1010_0.85_0.08.png,original,19.999860
1010_0.85_0.08.png,dcp,19.908433
1010_0.85_0.08.png,aodnet,20.022216
1011_0.95_0.12.png,original,20.659960
1011_0.95_0.12.png,dcp,20.289526
1011_0.95_0.12.png,aodnet,20.836672
1012_0.95_0.08.png,original,20.159095
1012_0.95_0.08.png,dcp,19.810812
1012_0.95_0.08.png,aodnet,20.271022
1015_0.8_0.12.png,original,20.456207
1015_0.8_0.12.png,dcp,20.454199
1015_0.8_0.12.png,aodnet,20.846664
1016_0.9_0.16.png,original,20.091824
1016_0.9_0.16.png,dcp,19.648707
1016_0.9_0.16.png,aodnet,20.113851
1018_0.85_0.12.png,original,20.734455
1018_0.85_0.12.png,dcp,20.268199
1018_0.85_0.12.png,aodnet,20.508922
1020_0.95_0.08.png,original,21.022064
1020_0.95_0.08.png,dcp,20.586795
1020_0.95_0.08.png,aodnet,20.951420
1022_0.85_0.12.png,original,20.738854
1022_0.85_0.12.png,dcp,20.489523
1022_0.85_0.12.png,aodnet,20.751758
1027_0.8_0.08.png,original,20.210385
1027_0.8_0.08.png,dcp,19.833279
1027_0.8_0.08.png,aodnet,20.191634
1030_0.95_0.12.png,original,20.593824
1030_0.95_0.12.png,dcp,20.228995
1030_0.95_0.12.png,aodnet,20.551434
1034_0.9_0.16.png,original,20.735106
1034_0.9_0.16.png,dcp,20.404495
1034_0.9_0.16.png,aodnet,20.760314
1037_0.8_0.12.png,original,20.908051
1037_0.8_0.12.png,dcp,20.483502
1037_0.8_0.12.png,aodnet,20.711031
1038_1_0.16.png,original,20.816638
1038_1_0.16.png,dcp,20.679151
1038_1_0.16.png,aodnet,20.756991
1040_1_0.2.png,original,20.811157
1040_1_0.2.png,dcp,19.978797
1040_1_0.2.png,aodnet,20.690154
1042_0.95_0.08.png,original,20.357717
1042_0.95_0.08.png,dcp,19.922900
1042_0.95_0.08.png,aodnet,20.612767
1044_0.85_0.12.png,original,20.473856
1044_0.85_0.12.png,dcp,20.276760
1044_0.85_0.12.png,aodnet,20.453132
1046_0.9_0.16.png,original,20.301522
1046_0.9_0.16.png,dcp,20.135047
1046_0.9_0.16.png,aodnet,20.513271
1048_0.9_0.2.png,original,20.560478
1048_0.9_0.2.png,dcp,20.342264
1048_0.9_0.2.png,aodnet,20.775746
1050_0.8_0.08.png,original,19.961184
1050_0.8_0.08.png,dcp,19.724072
1050_0.8_0.08.png,aodnet,20.234235
1051_1_0.12.png,original,20.970843
1051_1_0.12.png,dcp,20.274798
1051_1_0.12.png,aodnet,20.573231
1053_0.95_0.16.png,original,19.909782
1053_0.95_0.16.png,dcp,19.529854
1053_0.95_0.16.png,aodnet,19.834903
1055_0.95_0.2.png,original,19.578211
1055_0.95_0.2.png,dcp,18.967645
1055_0.95_0.2.png,aodnet,19.826989
1057_0.95_0.16.png,original,20.763429
1057_0.95_0.16.png,dcp,20.291451
1057_0.95_0.16.png,aodnet,21.246712
1059_0.95_0.2.png,original,20.917939
1059_0.95_0.2.png,dcp,20.776115
1059_0.95_0.2.png,aodnet,20.996536
1060_0.85_0.16.png,original,20.808080
1060_0.85_0.16.png,dcp,20.520948
1060_0.85_0.16.png,aodnet,20.970705
1063_0.9_0.12.png,original,19.982596
1063_0.9_0.12.png,dcp,19.850630
1063_0.9_0.12.png,aodnet,20.051234
1709_0.95_0.08.png,original,19.811456
1709_0.95_0.08.png,dcp,19.670771
1709_0.95_0.08.png,aodnet,19.850476
1712_0.8_0.08.png,original,19.713645
1712_0.8_0.08.png,dcp,19.615638
1712_0.8_0.08.png,aodnet,19.624201
1713_1_0.08.png,original,19.937166
1713_1_0.08.png,dcp,19.973283
1713_1_0.08.png,aodnet,20.139726
1714_1_0.2.png,original,20.112967
1714_1_0.2.png,dcp,19.633124
1714_1_0.2.png,aodnet,20.027838
1716_0.95_0.12.png,original,20.167404
1716_0.95_0.12.png,dcp,20.084328
1716_0.95_0.12.png,aodnet,20.298230
1718_0.9_0.2.png,original,20.066776
1718_0.9_0.2.png,dcp,19.746370
1718_0.9_0.2.png,aodnet,20.135139
1722_0.95_0.16.png,original,20.487755
1722_0.95_0.16.png,dcp,20.238467
1722_0.95_0.16.png,aodnet,20.751126
1724_0.95_0.2.png,original,19.462062
1724_0.95_0.2.png,dcp,18.582886
1724_0.95_0.2.png,aodnet,19.347996
1726_0.85_0.12.png,original,19.673136
1726_0.85_0.12.png,dcp,19.450713
1726_0.85_0.12.png,aodnet,19.656822
1728_0.9_0.12.png,original,19.679986
1728_0.9_0.12.png,dcp,19.453902
1728_0.9_0.12.png,aodnet,19.716610
1730_0.85_0.08.png,original,20.428282
1730_0.85_0.08.png,dcp,20.145866
1730_0.85_0.08.png,aodnet,20.847967
1731_0.85_0.2.png,original,20.757841
1731_0.85_0.2.png,dcp,21.084879
1731_0.85_0.2.png,aodnet,20.872617
1732_0.95_0.2.png,original,20.201012
1732_0.95_0.2.png,dcp,19.663290
1732_0.95_0.2.png,aodnet,20.212196
1734_1_0.08.png,original,20.964178
1734_1_0.08.png,dcp,20.053796
1734_1_0.08.png,aodnet,20.842689
1736_0.8_0.08.png,original,18.960793
1736_0.8_0.08.png,dcp,18.686920
1736_0.8_0.08.png,aodnet,19.196011
1738_1_0.2.png,original,19.397582
1738_1_0.2.png,dcp,18.583513
1738_1_0.2.png,aodnet,19.276775
1741_0.85_0.16.png,original,20.212033
1741_0.85_0.16.png,dcp,19.934214
1741_0.85_0.16.png,aodnet,20.513024
1742_0.85_0.12.png,original,19.217199
1742_0.85_0.12.png,dcp,18.766372
1742_0.85_0.12.png,aodnet,19.130841
1743_0.85_0.08.png,original,20.229258
1743_0.85_0.08.png,dcp,20.349079
1743_0.85_0.08.png,aodnet,20.319140
1744_0.85_0.08.png,original,19.967152
1744_0.85_0.08.png,dcp,19.661903
1744_0.85_0.08.png,aodnet,20.182700
1747_0.8_0.16.png,original,21.765644
1747_0.8_0.16.png,dcp,21.045046
1747_0.8_0.16.png,aodnet,21.828116
1749_0.8_0.2.png,original,20.489289
1749_0.8_0.2.png,dcp,20.394485
1749_0.8_0.2.png,aodnet,20.692649
1753_0.9_0.08.png,original,20.922721
1753_0.9_0.08.png,dcp,20.828065
1753_0.9_0.08.png,aodnet,20.897647
1756_0.9_0.12.png,original,20.656824
1756_0.9_0.12.png,dcp,20.763146
1756_0.9_0.12.png,aodnet,20.850185
1757_0.85_0.16.png,original,20.774891
1757_0.85_0.16.png,dcp,20.476073
1757_0.85_0.16.png,aodnet,20.920703
1759_0.8_0.12.png,original,20.662976
1759_0.8_0.12.png,dcp,20.347562
1759_0.8_0.12.png,aodnet,20.876840
1760_1_0.16.png,original,20.491333
1760_1_0.16.png,dcp,20.345623
1760_1_0.16.png,aodnet,20.519161
1765_0.85_0.12.png,original,19.706833
1765_0.85_0.12.png,dcp,19.217599
1765_0.85_0.12.png,aodnet,19.462725
1771_1_0.08.png,original,20.406101
1771_1_0.08.png,dcp,20.214988
1771_1_0.08.png,aodnet,20.352253
1774_0.95_0.2.png,original,19.757607
1774_0.95_0.2.png,dcp,18.800548
1774_0.95_0.2.png,aodnet,19.545247
1778_0.9_0.08.png,original,20.361529
1778_0.9_0.08.png,dcp,20.289485
1778_0.9_0.08.png,aodnet,20.407174
1781_0.8_0.2.png,original,21.035593
1781_0.8_0.2.png,dcp,21.391066
1781_0.8_0.2.png,aodnet,21.160663
1784_0.8_0.08.png,original,20.991407
1784_0.8_0.08.png,dcp,20.244294
1784_0.8_0.08.png,aodnet,20.820753
1790_1_0.16.png,original,21.008877
1790_1_0.16.png,dcp,20.585356
1790_1_0.16.png,aodnet,21.256987
1800_1_0.16.png,original,20.199334
1800_1_0.16.png,dcp,19.726295
1800_1_0.16.png,aodnet,20.282636
1805_0.85_0.12.png,original,20.175470
1805_0.85_0.12.png,dcp,20.006459
1805_0.85_0.12.png,aodnet,20.167800
1812_1_0.16.png,original,20.983706
1812_1_0.16.png,dcp,20.838536
1812_1_0.16.png,aodnet,21.040846
1815_1_0.2.png,original,20.266817
1815_1_0.2.png,dcp,19.923861
1815_1_0.2.png,aodnet,20.292353
1818_0.85_0.12.png,original,19.698673
1818_0.85_0.12.png,dcp,19.327722
1818_0.85_0.12.png,aodnet,19.835053
1821_0.8_0.08.png,original,19.907324
1821_0.8_0.08.png,dcp,19.986978
1821_0.8_0.08.png,aodnet,20.131092
1822_1_0.08.png,original,20.367010
1822_1_0.08.png,dcp,20.262180
1822_1_0.08.png,aodnet,20.315465
1824_0.95_0.08.png,original,20.879624
1824_0.95_0.08.png,dcp,20.773853
1824_0.95_0.08.png,aodnet,21.030623
1826_0.9_0.08.png,original,19.903257
1826_0.9_0.08.png,dcp,19.579845
1826_0.9_0.08.png,aodnet,19.966423
1828_0.85_0.08.png,original,20.223460
1828_0.85_0.08.png,dcp,19.920142
1828_0.85_0.08.png,aodnet,19.988406
1831_0.8_0.16.png,original,20.086769
1831_0.8_0.16.png,dcp,19.896282
1831_0.8_0.16.png,aodnet,19.953710
1832_0.95_0.08.png,original,20.253012
1832_0.95_0.08.png,dcp,20.069927
1832_0.95_0.08.png,aodnet,20.392050
1834_1_0.08.png,original,20.250659
1834_1_0.08.png,dcp,20.215640
1834_1_0.08.png,aodnet,20.245947
1837_0.9_0.08.png,original,20.813085
1837_0.9_0.08.png,dcp,20.486264
1837_0.9_0.08.png,aodnet,20.836436
1839_0.8_0.12.png,original,20.422091
1839_0.8_0.12.png,dcp,20.390376
1839_0.8_0.12.png,aodnet,20.471854
1840_0.85_0.08.png,original,20.190065
1840_0.85_0.08.png,dcp,19.839854
1840_0.85_0.08.png,aodnet,20.158898
1843_0.8_0.12.png,original,20.472775
1843_0.8_0.12.png,dcp,20.300346
1843_0.8_0.12.png,aodnet,20.530914
1845_0.9_0.08.png,original,19.899563
1845_0.9_0.08.png,dcp,19.663236
1845_0.9_0.08.png,aodnet,19.986639
1846_0.9_0.08.png,original,20.753532
1846_0.9_0.08.png,dcp,20.610056
1846_0.9_0.08.png,aodnet,21.153256
1848_0.8_0.12.png,original,20.776937
1848_0.8_0.12.png,dcp,20.870291
1848_0.8_0.12.png,aodnet,20.950840
1849_1_0.12.png,original,20.459941
1849_1_0.12.png,dcp,20.311704
1849_1_0.12.png,aodnet,20.763600
1851_0.85_0.08.png,original,20.477596
1851_0.85_0.08.png,dcp,20.465238
1851_0.85_0.08.png,aodnet,20.611903
1852_0.85_0.08.png,original,20.680741
1852_0.85_0.08.png,dcp,20.508852
1852_0.85_0.08.png,aodnet,20.887082
1853_0.85_0.08.png,original,20.068381
1853_0.85_0.08.png,dcp,19.964878
1853_0.85_0.08.png,aodnet,20.063400
1855_0.9_0.08.png,original,20.301848
1855_0.9_0.08.png,dcp,20.284391
1855_0.9_0.08.png,aodnet,20.271559
1857_0.8_0.12.png,original,20.940847
1857_0.8_0.12.png,dcp,20.892425
1857_0.8_0.12.png,aodnet,21.048308
1858_0.95_0.08.png,original,19.512556
1858_0.95_0.08.png,dcp,19.593397
1858_0.95_0.08.png,aodnet,19.604369
1859_0.85_0.16.png,original,20.265516
1859_0.85_0.16.png,dcp,19.881004
1859_0.85_0.16.png,aodnet,20.186944
1861_0.85_0.2.png,original,20.875153
1861_0.85_0.2.png,dcp,20.627274
1861_0.85_0.2.png,aodnet,20.925098
1862_0.8_0.12.png,original,20.208222
1862_0.8_0.12.png,dcp,20.165927
1862_0.8_0.12.png,aodnet,20.194510
1863_1_0.08.png,original,20.614381
1863_1_0.08.png,dcp,20.377836
1863_1_0.08.png,aodnet,20.609827
1865_0.85_0.08.png,original,20.992455
1865_0.85_0.08.png,dcp,20.439031
1865_0.85_0.08.png,aodnet,20.929270
1867_0.8_0.2.png,original,20.822751
1867_0.8_0.2.png,dcp,20.241309
1867_0.8_0.2.png,aodnet,20.784496
1868_1_0.08.png,original,20.599981
1868_1_0.08.png,dcp,20.459382
1868_1_0.08.png,aodnet,20.766196
1869_1_0.2.png,original,19.325640
1869_1_0.2.png,dcp,18.376432
1869_1_0.2.png,aodnet,19.192328
1871_0.95_0.08.png,original,19.602379
1871_0.95_0.08.png,dcp,18.996447
1871_0.95_0.08.png,aodnet,19.430919
1872_0.95_0.08.png,original,20.225804
1872_0.95_0.08.png,dcp,20.270325
1872_0.95_0.08.png,aodnet,20.294609
1873_0.85_0.16.png,original,20.526168
1873_0.85_0.16.png,dcp,19.968888
1873_0.85_0.16.png,aodnet,20.219025
1874_0.85_0.12.png,original,20.358858
1874_0.85_0.12.png,dcp,20.468404
1874_0.85_0.12.png,aodnet,20.468803
1875_0.85_0.08.png,original,20.394155
1875_0.85_0.08.png,dcp,20.502943
1875_0.85_0.08.png,aodnet,20.528506
1876_1_0.16.png,original,19.989984
1876_1_0.16.png,dcp,19.583694
1876_1_0.16.png,aodnet,19.890514
1877_0.9_0.12.png,original,20.716870
1877_0.9_0.12.png,dcp,20.658285
1877_0.9_0.12.png,aodnet,20.907578
1878_0.9_0.12.png,original,20.464554
1878_0.9_0.12.png,dcp,20.486701
1878_0.9_0.12.png,aodnet,20.500514
1879_0.9_0.08.png,original,20.366827
1879_0.9_0.08.png,dcp,20.333485
1879_0.9_0.08.png,aodnet,20.487913
1880_0.9_0.08.png,original,19.382707
1880_0.9_0.08.png,dcp,19.004953
1880_0.9_0.08.png,aodnet,19.304124
1881_0.8_0.16.png,original,19.361280
1881_0.8_0.16.png,dcp,18.582257
1881_0.8_0.16.png,aodnet,19.337210
1882_0.85_0.2.png,original,21.594777
1882_0.85_0.2.png,dcp,20.950951
1882_0.85_0.2.png,aodnet,21.809202
1883_0.8_0.12.png,original,20.540341
1883_0.8_0.12.png,dcp,20.374025
1883_0.8_0.12.png,aodnet,20.767528
1887_0.95_0.08.png,original,21.113986
1887_0.95_0.08.png,dcp,21.282430
1887_0.95_0.08.png,aodnet,21.205187
1889_0.85_0.08.png,original,21.107548
1889_0.85_0.08.png,dcp,21.076895
1889_0.85_0.08.png,aodnet,20.978035
1891_0.9_0.16.png,original,20.325857
1891_0.9_0.16.png,dcp,20.396438
1891_0.9_0.16.png,aodnet,20.353720
1893_0.9_0.2.png,original,20.993905
1893_0.9_0.2.png,dcp,20.594404
1893_0.9_0.2.png,aodnet,21.152117
1896_0.9_0.08.png,original,20.061996
1896_0.9_0.08.png,dcp,19.936665
1896_0.9_0.08.png,aodnet,20.294905
1898_0.85_0.08.png,original,20.680805
1898_0.85_0.08.png,dcp,20.507560
1898_0.85_0.08.png,aodnet,21.319895
1899_0.8_0.08.png,original,20.615800
1899_0.8_0.08.png,dcp,20.052738
1899_0.8_0.08.png,aodnet,20.647828
1900_0.8_0.08.png,original,21.033110
1900_0.8_0.08.png,dcp,21.212418
1900_0.8_0.08.png,aodnet,21.384792
1903_0.95_0.08.png,original,19.553186
1903_0.95_0.08.png,dcp,19.273004
1903_0.95_0.08.png,aodnet,19.675475
1909_0.85_0.2.png,original,20.461203
1909_0.85_0.2.png,dcp,20.266405
1909_0.85_0.2.png,aodnet,20.728230
1913_0.95_0.08.png,original,19.491716
1913_0.95_0.08.png,dcp,19.322353
1913_0.95_0.08.png,aodnet,19.531299
1915_1_0.08.png,original,20.289712
1915_1_0.08.png,dcp,20.274900
1915_1_0.08.png,aodnet,20.335790
1917_0.95_0.2.png,original,20.307135
1917_0.95_0.2.png,dcp,19.605710
1917_0.95_0.2.png,aodnet,20.287457
1919_1_0.08.png,original,19.346985
1919_1_0.08.png,dcp,18.842662
1919_1_0.08.png,aodnet,19.348722
1920_0.95_0.16.png,original,20.056701
1920_0.95_0.16.png,dcp,19.083251
1920_0.95_0.16.png,aodnet,19.981702
1921_0.95_0.08.png,original,18.954351
1921_0.95_0.08.png,dcp,18.554552
1921_0.95_0.08.png,aodnet,19.113489
1923_0.9_0.08.png,original,20.101629
1923_0.9_0.08.png,dcp,19.907011
1923_0.9_0.08.png,aodnet,20.180144
1924_0.85_0.12.png,original,20.914543
1924_0.85_0.12.png,dcp,20.882542
1924_0.85_0.12.png,aodnet,21.302376
1926_0.9_0.16.png,original,20.058845
1926_0.9_0.16.png,dcp,19.436975
1926_0.9_0.16.png,aodnet,20.028990
1927_0.9_0.08.png,original,20.712971
1927_0.9_0.08.png,dcp,20.634806
1927_0.9_0.08.png,aodnet,20.805865
1928_0.9_0.08.png,original,20.132847
1928_0.9_0.08.png,dcp,19.871034
1928_0.9_0.08.png,aodnet,20.263907
1930_0.8_0.08.png,original,21.315021
1930_0.8_0.08.png,dcp,20.323640
1930_0.8_0.08.png,aodnet,21.110543
1931_0.8_0.08.png,original,19.632605
1931_0.8_0.08.png,dcp,19.256589
1931_0.8_0.08.png,aodnet,19.607511
1932_0.8_0.2.png,original,20.884929
1932_0.8_0.2.png,dcp,20.582452
1932_0.8_0.2.png,aodnet,20.963803
1933_0.8_0.2.png,original,20.184859
1933_0.8_0.2.png,dcp,19.639651
1933_0.8_0.2.png,aodnet,20.147454
1934_1_0.08.png,original,20.155042
1934_1_0.08.png,dcp,19.569443
1934_1_0.08.png,aodnet,20.235613
1936_0.95_0.08.png,original,19.995735
1936_0.95_0.08.png,dcp,19.477060
1936_0.95_0.08.png,aodnet,19.969982
1938_0.85_0.12.png,original,20.028837
1938_0.85_0.12.png,dcp,19.723356
1938_0.85_0.12.png,aodnet,20.121954
1940_0.9_0.16.png,original,20.607934
1940_0.9_0.16.png,dcp,19.949312
1940_0.9_0.16.png,aodnet,20.667610
1942_0.85_0.08.png,original,20.396643
1942_0.85_0.08.png,dcp,20.211228
1942_0.85_0.08.png,aodnet,20.476210
1944_0.9_0.16.png,original,20.452713
1944_0.9_0.16.png,dcp,20.430920
1944_0.9_0.16.png,aodnet,20.505729
1945_0.9_0.12.png,original,20.571564
1945_0.9_0.12.png,dcp,19.320631
1945_0.9_0.12.png,aodnet,20.377375
1947_0.8_0.16.png,original,20.596806
1947_0.8_0.16.png,dcp,20.099981
1947_0.8_0.16.png,aodnet,20.560786
1949_0.8_0.2.png,original,20.345750
1949_0.8_0.2.png,dcp,19.751786
1949_0.8_0.2.png,aodnet,20.519432
1950_1_0.08.png,original,20.097556
1950_1_0.08.png,dcp,20.235220
1950_1_0.08.png,aodnet,20.390246
1953_0.8_0.2.png,original,20.528124
1953_0.8_0.2.png,dcp,20.048798
1953_0.8_0.2.png,aodnet,20.410363
1954_1_0.08.png,original,20.933620
1954_1_0.08.png,dcp,20.503357
1954_1_0.08.png,aodnet,21.171281
1956_0.8_0.12.png,original,20.265619
1956_0.8_0.12.png,dcp,20.317345
1956_0.8_0.12.png,aodnet,20.453905
1958_0.9_0.08.png,original,19.358419
1958_0.9_0.08.png,dcp,18.744614
1958_0.9_0.08.png,aodnet,19.207585
1960_0.85_0.2.png,original,20.585805
1960_0.85_0.2.png,dcp,20.543009
1960_0.85_0.2.png,aodnet,20.625517
1962_0.9_0.08.png,original,20.480589
1962_0.9_0.08.png,dcp,20.226579
1962_0.9_0.08.png,aodnet,20.448836
1964_0.85_0.2.png,original,19.763706
1964_0.85_0.2.png,dcp,19.114746
1964_0.85_0.2.png,aodnet,19.704087
1966_0.9_0.08.png,original,20.556260
1966_0.9_0.08.png,dcp,20.507774
1966_0.9_0.08.png,aodnet,20.589010
1968_0.8_0.12.png,original,20.595698
1968_0.8_0.12.png,dcp,20.544196
1968_0.8_0.12.png,aodnet,20.703608
1970_0.9_0.08.png,original,19.259957
1970_0.9_0.08.png,dcp,18.866735
1970_0.9_0.08.png,aodnet,19.279941
1971_1_0.08.png,original,19.456051
1971_1_0.08.png,dcp,18.574351
1971_1_0.08.png,aodnet,19.079968
1973_0.95_0.08.png,original,19.887092
1973_0.95_0.08.png,dcp,19.606489
1973_0.95_0.08.png,aodnet,19.742603
1975_0.85_0.12.png,original,21.555276
1975_0.85_0.12.png,dcp,21.028798
1975_0.85_0.12.png,aodnet,21.308217
1977_0.8_0.08.png,original,20.682098
1977_0.8_0.08.png,dcp,20.793320
1977_0.8_0.08.png,aodnet,20.832939
1981_0.8_0.2.png,original,20.337405
1981_0.8_0.2.png,dcp,20.122151
1981_0.8_0.2.png,aodnet,20.321954
1982_1_0.08.png,original,20.428318
1982_1_0.08.png,dcp,20.446503
1982_1_0.08.png,aodnet,20.732711
1984_0.85_0.08.png,original,20.610250
1984_0.85_0.08.png,dcp,20.557774
1984_0.85_0.08.png,aodnet,20.555171
1986_0.9_0.08.png,original,20.636384
1986_0.9_0.08.png,dcp,20.741383
1986_0.9_0.08.png,aodnet,20.792349
1988_0.8_0.12.png,original,20.260155
1988_0.8_0.12.png,dcp,20.264787
1988_0.8_0.12.png,aodnet,20.352454
